{"count":1,"self":447.4387968,"total":38982.7845223,"children":{"InitializeActuators":{"count":24,"self":0.0019969,"total":0.0019969,"children":null},"InitializeSensors":{"count":24,"self":0.0010019999999999999,"total":0.0010019999999999999,"children":null},"AgentSendState":{"count":7471084,"self":53.439132799999996,"total":1569.7444745,"children":{"CollectObservations":{"count":35862504,"self":66.7159296,"total":66.71593,"children":null},"WriteActionMask":{"count":35862504,"self":982.140416,"total":982.1404219,"children":null},"RequestDecision":{"count":35862504,"self":32.77336,"total":467.4489898,"children":{"AgentInfo.ToProto":{"count":35862504,"self":121.6044544,"total":434.6756294,"children":{"GenerateSensorData":{"count":35862504,"self":313.0711808,"total":313.0711804,"children":null}}}}}}},"DecideAction":{"count":7471084,"self":31517.1667968,"total":31517.1663518,"children":null},"AgentAct":{"count":7471084,"self":5399.001088,"total":5448.4298792,"children":{"AgentInfo.ToProto":{"count":2868708,"self":13.123896799999999,"total":49.4287774,"children":{"GenerateSensorData":{"count":2868708,"self":36.30488,"total":36.3048806,"children":null}}}}}},"gauges":{"WhiteAgent.CumulativeReward":{"count":1434354,"max":1.62000012,"min":-6.42000246,"runningAverage":0.115879253,"value":-1.1,"weightedAverage":-1.05661416},"BlackAgent.CumulativeReward":{"count":1434354,"max":4.999999,"min":-2.4699986,"runningAverage":-0.120585807,"value":1.125,"weightedAverage":1.07234263}},"metadata":{"timer_format_version":"0.1.0","start_time_seconds":"1651246305","unity_version":"2020.3.25f1","command_line_arguments":"C:\\Users\\songu\\programmers\\Safari_Proj\\safari_windows\\RL.exe -nographics -batchmode --mlagents-port 5005 -logFile C:\\Users\\songu\\programmers\\Safari_Proj\\safari_windows\\results\\Son_safari_test\\run_logs\\Player-0.log","communication_protocol_version":"1.5.0","com.unity.ml-agents_version":"2.2.1-exp.1","scene_name":"dobutsuMainScene","end_time_seconds":"1651285287"}}