{"count":1,"self":1107.4025471999998,"total":19303.127715399998,"children":{"InitializeActuators":{"count":200,"self":0.0029731,"total":0.0029731,"children":null},"InitializeSensors":{"count":200,"self":0.0059460999999999993,"total":0.0059460999999999993,"children":null},"AgentSendState":{"count":4521917,"self":49.0913056,"total":870.90923549999991,"children":{"CollectObservations":{"count":27131500,"self":54.06912,"total":54.069119799999996,"children":null},"WriteActionMask":{"count":27131500,"self":470.3384064,"total":470.3383884,"children":null},"RequestDecision":{"count":27131500,"self":26.47392,"total":297.4104202,"children":{"AgentInfo.ToProto":{"count":27131500,"self":65.272755199999992,"total":270.9365009,"children":{"GenerateSensorData":{"count":27131500,"self":205.66374399999998,"total":205.66374639999998,"children":null}}}}}}},"DecideAction":{"count":4521917,"self":12569.6270336,"total":12569.626806299999,"children":null},"AgentAct":{"count":4521917,"self":4691.8680576,"total":4755.1782355999994,"children":{"AgentInfo.ToProto":{"count":4648627,"self":16.1118768,"total":63.3102874,"children":{"GenerateSensorData":{"count":4648627,"self":47.1984096,"total":47.198410599999995,"children":null}}}}}},"gauges":{"WhiteAgent.CumulativeReward":{"count":2361674,"max":1.27,"min":-2.67999959,"runningAverage":-0.34005037,"value":-0.925,"weightedAverage":-0.924999952},"BlackAgent.CumulativeReward":{"count":2286953,"max":1.13,"min":-2.21,"runningAverage":0.351139367,"value":1,"weightedAverage":0.9999999}},"metadata":{"timer_format_version":"0.1.0","start_time_seconds":"1651346310","unity_version":"2020.3.25f1","command_line_arguments":"C:\\Users\\songu\\programmers\\Safari_Proj\\safari_windows\\RL.exe -nographics -batchmode --mlagents-port 5005 -logFile C:\\Users\\songu\\programmers\\Safari_Proj\\safari_windows\\results\\Son_safari_test_Linear\\run_logs\\Player-0.log","communication_protocol_version":"1.5.0","com.unity.ml-agents_version":"2.2.1-exp.1","scene_name":"dobutsuMainScene","end_time_seconds":"1651365613"}}