{"count":1,"self":348.9721856,"total":7559.2114052,"children":{"InitializeActuators":{"count":200,"self":0.0030001999999999997,"total":0.0030001999999999997,"children":null},"InitializeSensors":{"count":200,"self":0.0030315999999999997,"total":0.0030315999999999997,"children":null},"AgentSendState":{"count":1358334,"self":15.758489599999999,"total":275.8849811,"children":{"CollectObservations":{"count":8150000,"self":18.6582848,"total":18.658285199999998,"children":null},"WriteActionMask":{"count":8150000,"self":149.8033664,"total":149.8033671,"children":null},"RequestDecision":{"count":8150000,"self":8.3679616,"total":91.6648393,"children":{"AgentInfo.ToProto":{"count":8150000,"self":20.5440528,"total":83.2968777,"children":{"GenerateSensorData":{"count":8150000,"self":62.752825599999994,"total":62.752824499999996,"children":null}}}}}}},"DecideAction":{"count":1358334,"self":5350.8374527999995,"total":5350.8374638,"children":null},"AgentAct":{"count":1358334,"self":1561.7350655999999,"total":1583.5077423,"children":{"AgentInfo.ToProto":{"count":1401880,"self":5.5999624,"total":21.772631,"children":{"GenerateSensorData":{"count":1401880,"self":16.1726688,"total":16.172668599999998,"children":null}}}}}},"gauges":{"WhiteAgent.CumulativeReward":{"count":700940,"max":16.4999962,"min":-1.81,"runningAverage":0.339275271,"value":0.9,"weightedAverage":0.9570028},"BlackAgent.CumulativeReward":{"count":700940,"max":1.67500019,"min":-19.91008,"runningAverage":-0.355811,"value":-1,"weightedAverage":-1.02727246}},"metadata":{"timer_format_version":"0.1.0","start_time_seconds":"1651325274","unity_version":"2020.3.25f1","command_line_arguments":"C:\\Users\\songu\\programmers\\Safari_Proj\\safari_windows\\RL.exe -nographics -batchmode --mlagents-port 5005 -logFile C:\\Users\\songu\\programmers\\Safari_Proj\\safari_windows\\results\\Son_safari_test_without_LSTM_Constant\\run_logs\\Player-0.log","communication_protocol_version":"1.5.0","com.unity.ml-agents_version":"2.2.1-exp.1","scene_name":"dobutsuMainScene","end_time_seconds":"1651332833"}}