{"count":1,"self":1.9039728,"total":46.8969891,"children":{"InitializeActuators":{"count":100,"self":0.0020025,"total":0.0020025,"children":null},"InitializeSensors":{"count":100,"self":0.0019967,"total":0.0019967,"children":null},"AgentSendState":{"count":13267,"self":0.0890337,"total":2.3947751,"children":{"CollectObservations":{"count":39800,"self":0.082981699999999992,"total":0.082981699999999992,"children":null},"WriteActionMask":{"count":39800,"self":1.7778695999999998,"total":1.7778696999999999,"children":null},"RequestDecision":{"count":39800,"self":0.035000199999999995,"total":0.44488999999999995,"children":{"AgentInfo.ToProto":{"count":39800,"self":0.0899693,"total":0.40988979999999997,"children":{"GenerateSensorData":{"count":39800,"self":0.3199205,"total":0.3199205,"children":null}}}}}}},"DecideAction":{"count":13267,"self":31.503164799999997,"total":31.503163899999997,"children":null},"AgentAct":{"count":13267,"self":11.0041288,"total":11.089077999999999,"children":{"AgentInfo.ToProto":{"count":6710,"self":0.0249998,"total":0.0849495,"children":{"GenerateSensorData":{"count":6710,"self":0.059949699999999995,"total":0.059949699999999995,"children":null}}}}}},"gauges":{"WhiteAgent.CumulativeReward":{"count":3355,"max":1.45,"min":-1.55000007,"runningAverage":-0.0697094947,"value":-0.99,"weightedAverage":-0.433251441},"BlackAgent.CumulativeReward":{"count":3355,"max":1.485,"min":-1.53,"runningAverage":-0.0123695517,"value":0.98,"weightedAverage":0.3960015}},"metadata":{"timer_format_version":"0.1.0","start_time_seconds":"1651265158","unity_version":"2020.3.25f1","command_line_arguments":"C:\\Develop\\dobutsu\\Build\\windows\\RL.exe -nographics -batchmode --mlagents-port 5005 -logFile C:\\Develop\\dobutsu\\Build\\windows\\results\\CSI_1\\run_logs\\Player-0.log","communication_protocol_version":"1.5.0","com.unity.ml-agents_version":"2.2.1-exp.1","scene_name":"dobutsuMainScene","end_time_seconds":"1651265205"}}