{"count":1,"self":1.2293994,"total":1.2764026,"children":{"InitializeActuators":{"count":24,"self":0.0020012,"total":0.0020012,"children":null},"InitializeSensors":{"count":24,"self":0.0020001999999999997,"total":0.0020001999999999997,"children":null},"AgentSendState":{"count":58,"self":0.0019803999999999998,"total":0.0169915,"children":{"CollectObservations":{"count":288,"self":0.0010004999999999999,"total":0.0010004999999999999,"children":null},"WriteActionMask":{"count":288,"self":0.011009,"total":0.011009,"children":null},"RequestDecision":{"count":288,"self":0.0030015999999999997,"total":0.0030015999999999997,"children":null}}},"DecideAction":{"count":58,"self":0.0020005,"total":0.0020005,"children":null},"AgentAct":{"count":58,"self":0.022010599999999998,"total":0.022010599999999998,"children":null}},"gauges":{},"metadata":{"timer_format_version":"0.1.0","start_time_seconds":"1651138667","unity_version":"2020.3.25f1","command_line_arguments":"C:\\Develop\\dobutsu\\Build\\windows\\RL.exe","communication_protocol_version":"1.5.0","com.unity.ml-agents_version":"2.2.1-exp.1","scene_name":"dobutsuMainScene","end_time_seconds":"1651138669"}}