{
    "name": "root",
    "gauges": {
        "WhiteAgent.Policy.Entropy.mean": {
            "value": 3.8476970195770264,
            "min": 3.8476970195770264,
            "max": 4.02260160446167,
            "count": 5
        },
        "WhiteAgent.Policy.Entropy.sum": {
            "value": 38369.234375,
            "min": 38369.234375,
            "max": 41320.1640625,
            "count": 5
        },
        "WhiteAgent.Environment.EpisodeLength.mean": {
            "value": 44.602739726027394,
            "min": 22.205607476635514,
            "max": 44.602739726027394,
            "count": 5
        },
        "WhiteAgent.Environment.EpisodeLength.sum": {
            "value": 9768.0,
            "min": 9504.0,
            "max": 9789.0,
            "count": 5
        },
        "WhiteAgent.Self-play.ELO.mean": {
            "value": 929.6521349163146,
            "min": 929.6521349163146,
            "max": 1124.2483976031263,
            "count": 5
        },
        "WhiteAgent.Self-play.ELO.sum": {
            "value": 203593.8175466729,
            "min": 203593.8175466729,
            "max": 481178.314174138,
            "count": 5
        },
        "WhiteAgent.Step.mean": {
            "value": 49939.0,
            "min": 9996.0,
            "max": 49939.0,
            "count": 5
        },
        "WhiteAgent.Step.sum": {
            "value": 49939.0,
            "min": 9996.0,
            "max": 49939.0,
            "count": 5
        },
        "WhiteAgent.Policy.ExtrinsicValueEstimate.mean": {
            "value": -0.11032925546169281,
            "min": -0.23796580731868744,
            "max": 0.1368788182735443,
            "count": 5
        },
        "WhiteAgent.Policy.ExtrinsicValueEstimate.sum": {
            "value": -31.112850189208984,
            "min": -86.00160217285156,
            "max": 61.458587646484375,
            "count": 5
        },
        "WhiteAgent.Environment.CumulativeReward.mean": {
            "value": -0.23272725946523926,
            "min": -0.7369158778200361,
            "max": -0.23272725946523926,
            "count": 5
        },
        "WhiteAgent.Environment.CumulativeReward.sum": {
            "value": -51.19999708235264,
            "min": -315.39999570697546,
            "max": -51.19999708235264,
            "count": 5
        },
        "WhiteAgent.Policy.ExtrinsicReward.mean": {
            "value": -0.23272725946523926,
            "min": -0.7369158778200361,
            "max": -0.23272725946523926,
            "count": 5
        },
        "WhiteAgent.Policy.ExtrinsicReward.sum": {
            "value": -51.19999708235264,
            "min": -315.39999570697546,
            "max": -51.19999708235264,
            "count": 5
        },
        "WhiteAgent.Losses.PolicyLoss.mean": {
            "value": 0.20291063234617468,
            "min": 0.20291063234617468,
            "max": 0.48243008208664834,
            "count": 5
        },
        "WhiteAgent.Losses.PolicyLoss.sum": {
            "value": 0.20291063234617468,
            "min": 0.20291063234617468,
            "max": 0.5938703777996125,
            "count": 5
        },
        "WhiteAgent.Losses.ValueLoss.mean": {
            "value": 0.08527194438502192,
            "min": 0.08525672804098576,
            "max": 0.19314468814991415,
            "count": 5
        },
        "WhiteAgent.Losses.ValueLoss.sum": {
            "value": 0.08527194438502192,
            "min": 0.08527194438502192,
            "max": 0.20886825991328806,
            "count": 5
        },
        "WhiteAgent.Policy.LearningRate.mean": {
            "value": 0.00018088600955700002,
            "min": 0.00018088600955700002,
            "max": 0.00019771960114020002,
            "count": 5
        },
        "WhiteAgent.Policy.LearningRate.sum": {
            "value": 0.00018088600955700002,
            "min": 0.00018088600955700002,
            "max": 0.0003879808060096,
            "count": 5
        },
        "WhiteAgent.Policy.Epsilon.mean": {
            "value": 0.19044299999999997,
            "min": 0.19044299999999997,
            "max": 0.19885979999999998,
            "count": 5
        },
        "WhiteAgent.Policy.Epsilon.sum": {
            "value": 0.19044299999999997,
            "min": 0.19044299999999997,
            "max": 0.3939904000000001,
            "count": 5
        },
        "WhiteAgent.Policy.Beta.mean": {
            "value": 0.0036186757,
            "min": 0.0036186757,
            "max": 0.003954506019999999,
            "count": 5
        },
        "WhiteAgent.Policy.Beta.sum": {
            "value": 0.0036186757,
            "min": 0.0036186757,
            "max": 0.007760216960000002,
            "count": 5
        },
        "WhiteAgent.IsTraining.mean": {
            "value": 1.0,
            "min": 1.0,
            "max": 1.0,
            "count": 5
        },
        "WhiteAgent.IsTraining.sum": {
            "value": 1.0,
            "min": 1.0,
            "max": 1.0,
            "count": 5
        },
        "BlackAgent.Policy.Entropy.mean": {
            "value": 3.850609064102173,
            "min": 3.850609064102173,
            "max": 3.8869402408599854,
            "count": 7
        },
        "BlackAgent.Policy.Entropy.sum": {
            "value": 4020.035888671875,
            "min": 3774.56982421875,
            "max": 199586.609375,
            "count": 7
        },
        "BlackAgent.Environment.EpisodeLength.mean": {
            "value": 26.485714285714284,
            "min": 22.195121951219512,
            "max": 26.823529411764707,
            "count": 7
        },
        "BlackAgent.Environment.EpisodeLength.sum": {
            "value": 927.0,
            "min": 910.0,
            "max": 48827.0,
            "count": 7
        },
        "BlackAgent.Self-play.ELO.mean": {
            "value": 1150.922973802582,
            "min": 1150.922973802582,
            "max": 1285.2204029168754,
            "count": 7
        },
        "BlackAgent.Self-play.ELO.sum": {
            "value": 40282.30408309037,
            "min": 40282.30408309037,
            "max": 62975.799742926894,
            "count": 7
        },
        "BlackAgent.Step.mean": {
            "value": 6969.0,
            "min": 981.0,
            "max": 6969.0,
            "count": 7
        },
        "BlackAgent.Step.sum": {
            "value": 6969.0,
            "min": 981.0,
            "max": 6969.0,
            "count": 7
        },
        "BlackAgent.Policy.ExtrinsicValueEstimate.mean": {
            "value": -0.13886253535747528,
            "min": -0.13886253535747528,
            "max": 0.24510127305984497,
            "count": 7
        },
        "BlackAgent.Policy.ExtrinsicValueEstimate.sum": {
            "value": -5.276776313781738,
            "min": -5.276776313781738,
            "max": 10.784456253051758,
            "count": 7
        },
        "BlackAgent.Environment.CumulativeReward.mean": {
            "value": -0.674999989155266,
            "min": -0.7499999923908964,
            "max": -0.6191176272490445,
            "count": 7
        },
        "BlackAgent.Environment.CumulativeReward.sum": {
            "value": -24.299999609589577,
            "min": -35.24999964237213,
            "max": -21.049999326467514,
            "count": 7
        },
        "BlackAgent.Policy.ExtrinsicReward.mean": {
            "value": -0.674999989155266,
            "min": -0.7499999923908964,
            "max": -0.6191176272490445,
            "count": 7
        },
        "BlackAgent.Policy.ExtrinsicReward.sum": {
            "value": -24.299999609589577,
            "min": -35.24999964237213,
            "max": -21.049999326467514,
            "count": 7
        },
        "BlackAgent.IsTraining.mean": {
            "value": 1.0,
            "min": 1.0,
            "max": 1.0,
            "count": 7
        },
        "BlackAgent.IsTraining.sum": {
            "value": 1.0,
            "min": 1.0,