{
    "name": "root",
    "gauges": {
        "BlackAgent.Policy.Entropy.mean": {
            "value": 3.201460599899292,
            "min": 3.196726083755493,
            "max": 3.8308205604553223,
            "count": 30
        },
        "BlackAgent.Policy.Entropy.sum": {
            "value": 32193.888671875,
            "min": 31773.60546875,
            "max": 387624.0625,
            "count": 30
        },
        "BlackAgent.Environment.EpisodeLength.mean": {
            "value": 116.78666666666666,
            "min": 21.726027397260275,
            "max": 124.91780821917808,
            "count": 30
        },
        "BlackAgent.Environment.EpisodeLength.sum": {
            "value": 8759.0,
            "min": 8759.0,
            "max": 107162.0,
            "count": 30
        },
        "BlackAgent.Self-play.ELO.mean": {
            "value": 579.2575498590236,
            "min": 579.2575498590236,
            "max": 1122.997881165026,
            "count": 30
        },
        "BlackAgent.Self-play.ELO.sum": {
            "value": 43444.31623942677,
            "min": 43444.31623942677,
            "max": 491873.0719502814,
            "count": 30
        },
        "BlackAgent.Step.mean": {
            "value": 299994.0,
            "min": 9987.0,
            "max": 299994.0,
            "count": 30
        },
        "BlackAgent.Step.sum": {
            "value": 299994.0,
            "min": 9987.0,
            "max": 299994.0,
            "count": 30
        },
        "BlackAgent.Policy.ExtrinsicValueEstimate.mean": {
            "value": 0.3246292471885681,
            "min": -0.2681253254413605,
            "max": 0.4616285562515259,
            "count": 30
        },
        "BlackAgent.Policy.ExtrinsicValueEstimate.sum": {
            "value": 62.97807312011719,
            "min": -91.96698760986328,
            "max": 214.19564819335938,
            "count": 30
        },
        "BlackAgent.Environment.CumulativeReward.mean": {
            "value": 2.156578994307079,
            "min": -0.7130733865800254,
            "max": 2.2908163792928873,
            "count": 30
        },
        "BlackAgent.Environment.CumulativeReward.sum": {
            "value": 163.900003567338,
            "min": -310.89999654889107,
            "max": 226.95000460743904,
            "count": 30
        },
        "BlackAgent.Policy.ExtrinsicReward.mean": {
            "value": 2.156578994307079,
            "min": -0.7130733865800254,
            "max": 2.2908163792928873,
            "count": 30
        },
        "BlackAgent.Policy.ExtrinsicReward.sum": {
            "value": 163.900003567338,
            "min": -310.89999654889107,
            "max": 226.95000460743904,
            "count": 30
        },
        "BlackAgent.Losses.PolicyLoss.mean": {
            "value": 0.20193366931616766,
            "min": 0.19321070454316214,
            "max": 0.5510462270001881,
            "count": 30
        },
        "BlackAgent.Losses.PolicyLoss.sum": {
            "value": 0.20193366931616766,
            "min": 0.19321070454316214,
            "max": 0.7096449964083149,
            "count": 30
        },
        "BlackAgent.Losses.ValueLoss.mean": {
            "value": 0.09649320490425453,
            "min": 0.09182153998408467,
            "max": 0.3461559367366135,
            "count": 30
        },
        "BlackAgent.Losses.ValueLoss.sum": {
            "value": 0.09649320490425453,
            "min": 0.09182153998408467,
            "max": 0.3461559367366135,
            "count": 30
        },
        "BlackAgent.Policy.LearningRate.mean": {
            "value": 0.00025513996495334996,
            "min": 0.00025513996495334996,
            "max": 0.0002991463502845499,
            "count": 30
        },
        "BlackAgent.Policy.LearningRate.sum": {
            "value": 0.00025513996495334996,
            "min": 0.00025513996495334996,
            "max": 0.0005956243514585499,
            "count": 30
        },
        "BlackAgent.Policy.Epsilon.mean": {
            "value": 0.18504665000000003,
            "min": 0.18504665000000003,
            "max": 0.19971545000000002,
            "count": 30
        },
        "BlackAgent.Policy.Epsilon.sum": {
            "value": 0.18504665000000003,
            "min": 0.18504665000000003,
            "max": 0.39854145,
            "count": 30
        },
        "BlackAgent.Policy.Beta.mean": {
            "value": 0.0042538278350000005,
            "min": 0.0042538278350000005,
            "max": 0.004985800955,
            "count": 30
        },
        "BlackAgent.Policy.Beta.sum": {
            "value": 0.0042538278350000005,
            "min": 0.0042538278350000005,
            "max": 0.009927218355,
            "count": 30
        },
        "BlackAgent.IsTraining.mean": {
            "value": 1.0,
            "min": 1.0,
            "max": 1.0,
            "count": 30
        },
        "BlackAgent.IsTraining.sum": {
            "value": 1.0,
            "min": 1.0,
            "max": 1.0,
            "count": 30
        },
        "WhiteAgent.Policy.Entropy.mean": {
            "value": 3.461805582046509,
            "min": 3.451568841934204,
            "max": 4.043929100036621,
            "count": 29
        },
        "WhiteAgent.Policy.Entropy.sum": {
            "value": 34313.41796875,
            "min": 34294.7890625,
            "max": 446789.46875,
            "count": 29
        },
        "WhiteAgent.Environment.EpisodeLength.mean": {
            "value": 102.44565217391305,
            "min": 26.48025,
            "max": 110.08421052631579,
            "count": 29
        },
        "WhiteAgent.Environment.EpisodeLength.sum": {
            "value": 9425.0,
            "min": 9104.0,
            "max": 107573.0,
            "count": 29
        },
        "WhiteAgent.Self-play.ELO.mean": {
            "value": 475.81643110913154,
            "min": 475.81643110913154,
            "max": 1125.5835322434891,
            "count": 29
        },
        "WhiteAgent.Self-play.ELO.sum": {
            "value": 43775.1116620401,
            "min": 43775.1116620401,
            "max": 395079.8198174647,
            "count": 29
        },
        "WhiteAgent.Step.mean": {
            "value": 289954.0,
            "min": 9991.0,
            "max": 289954.0,
            "count": 29
        },
        "WhiteAgent.Step.sum": {
            "value": 289954.0,
            "min": 9991.0,
            "max": 289954.0,
            "count": 29
        },
        "WhiteAgent.Policy.ExtrinsicValueEstimate.mean": {
            "value": 0.27760452032089233,
            "min": -0.16345109045505524,
            "max": 0.27760452032089233,
            "count": 29
        },
        "WhiteAgent.Policy.ExtrinsicValueEstimate.sum": {
            "value": 56.07611083984375,
            "min": -41.189674377441406,
            "max": 75.09344482421875,
            "count": 29
        },
        "WhiteAgent.Environment.CumulativeReward.mean": {
            "value": 2.2593407074992475,
            "min": -0.5719999902163233,
            "max": 2.520526360367474,
            "count": 29
        },
        "WhiteAgent.Environment.CumulativeReward.sum": {
            "value": 205.6000043824315,
            "min": -200.19999657571316,
            "max": 239.45000423491,
            "count": 29
        },
        "WhiteAgent.Policy.ExtrinsicReward.mean": {
            "value": 2.2593407074992475,
            "min": -0.5719999902163233,
            "max": 2.520526360367474,
            "count": 29
        },
        "WhiteAgent.Policy.ExtrinsicReward.sum": {
            "value": 205.6000043824315,
            "min": -200.19999657571316,
            "max": 239.45000423491,
            "count": 29
        },
        "WhiteAgent.Losses.PolicyLoss.mean": {
            "value": 0.20635384724664618,
            "min": 0.19479246462433367,
            "max": 0.36256099775782785,
            "count": 29
        },