{
    "name": "root",
    "gauges": {
        "WhiteAgent.Policy.Entropy.mean": {
            "value": 3.5306334495544434,
            "min": 3.5306334495544434,
            "max": 4.025054931640625,
            "count": 12
        },
        "WhiteAgent.Policy.Entropy.sum": {
            "value": 35207.4765625,
            "min": 35207.4765625,
            "max": 232842.5625,
            "count": 12
        },
        "WhiteAgent.Environment.EpisodeLength.mean": {
            "value": 95.75757575757575,
            "min": 24.063451776649746,
            "max": 95.75757575757575,
            "count": 12
        },
        "WhiteAgent.Environment.EpisodeLength.sum": {
            "value": 9480.0,
            "min": 9480.0,
            "max": 58636.0,
            "count": 12
        },
        "WhiteAgent.Self-play.ELO.mean": {
            "value": 956.8242396670514,
            "min": 925.5322537288422,
            "max": 1201.6019819880894,
            "count": 12
        },
        "WhiteAgent.Self-play.ELO.sum": {
            "value": 94725.59972703809,
            "min": 94725.59972703809,
            "max": 444676.73476262094,
            "count": 12
        },
        "WhiteAgent.Step.mean": {
            "value": 119938.0,
            "min": 9939.0,
            "max": 119938.0,
            "count": 12
        },
        "WhiteAgent.Step.sum": {
            "value": 119938.0,
            "min": 9939.0,
            "max": 119938.0,
            "count": 12
        },
        "WhiteAgent.Policy.ExtrinsicValueEstimate.mean": {
            "value": 0.042549874633550644,
            "min": -0.4468773603439331,
            "max": 0.042549874633550644,
            "count": 12
        },
        "WhiteAgent.Policy.ExtrinsicValueEstimate.sum": {
            "value": 8.935473442077637,
            "min": -188.58224487304688,
            "max": 8.935473442077637,
            "count": 12
        },
        "WhiteAgent.Environment.CumulativeReward.mean": {
            "value": 0.8138614108066747,
            "min": -0.7027918683166431,
            "max": 0.8138614108066747,
            "count": 12
        },
        "WhiteAgent.Environment.CumulativeReward.sum": {
            "value": 82.20000249147415,
            "min": -276.8999961167574,
            "max": 82.20000249147415,
            "count": 12
        },
        "WhiteAgent.Policy.ExtrinsicReward.mean": {
            "value": 0.8138614108066747,
            "min": -0.7027918683166431,
            "max": 0.8138614108066747,
            "count": 12
        },
        "WhiteAgent.Policy.ExtrinsicReward.sum": {
            "value": 82.20000249147415,
            "min": -276.8999961167574,
            "max": 82.20000249147415,
            "count": 12
        },
        "WhiteAgent.Losses.PolicyLoss.mean": {
            "value": 0.18388811548647938,
            "min": 0.18388811548647938,
            "max": 0.28767526100973556,
            "count": 12
        },
        "WhiteAgent.Losses.PolicyLoss.sum": {
            "value": 0.18388811548647938,
            "min": 0.18388811548647938,
            "max": 0.5753505220194711,
            "count": 12
        },
        "WhiteAgent.Losses.ValueLoss.mean": {
            "value": 0.07590702772140503,
            "min": 0.07590702772140503,
            "max": 0.10710264435037971,
            "count": 12
        },
        "WhiteAgent.Losses.ValueLoss.sum": {
            "value": 0.07590702772140503,
            "min": 0.07590702772140503,
            "max": 0.1983290686039254,
            "count": 12
        },
        "WhiteAgent.Policy.LearningRate.mean": {
            "value": 0.0002312466229178,
            "min": 0.0002312466229178,
            "max": 0.00029654640115119995,
            "count": 12
        },
        "WhiteAgent.Policy.LearningRate.sum": {
            "value": 0.0002312466229178,
            "min": 0.0002312466229178,
            "max": 0.0005813592062136,
            "count": 12
        },
        "WhiteAgent.Policy.Epsilon.mean": {
            "value": 0.17708220000000005,
            "min": 0.17708220000000005,
            "max": 0.1988488,
            "count": 12
        },
        "WhiteAgent.Policy.Epsilon.sum": {
            "value": 0.17708220000000005,
            "min": 0.17708220000000005,
            "max": 0.3937864,
            "count": 12
        },
        "WhiteAgent.Policy.Beta.mean": {
            "value": 0.0030855797800000005,
            "min": 0.0030855797800000005,
            "max": 0.003954067120000001,
            "count": 12
        },
        "WhiteAgent.Policy.Beta.sum": {
            "value": 0.0030855797800000005,
            "min": 0.0030855797800000005,
            "max": 0.007752077360000002,
            "count": 12
        },
        "WhiteAgent.IsTraining.mean": {
            "value": 1.0,
            "min": 1.0,
            "max": 1.0,
            "count": 12
        },
        "WhiteAgent.IsTraining.sum": {
            "value": 1.0,
            "min": 1.0,
            "max": 1.0,
            "count": 12
        },
        "BlackAgent.Policy.Entropy.mean": {
            "value": 3.622990846633911,
            "min": 3.622990846633911,
            "max": 3.8763234615325928,
            "count": 10
        },
        "BlackAgent.Policy.Entropy.sum": {
            "value": 36389.3203125,
            "min": 36282.0546875,
            "max": 234253.984375,
            "count": 10
        },
        "BlackAgent.Environment.EpisodeLength.mean": {
            "value": 84.38983050847457,
            "min": 22.503142183817754,
            "max": 91.49090909090908,
            "count": 10
        },
        "BlackAgent.Environment.EpisodeLength.sum": {
            "value": 9958.0,
            "min": 9491.0,
            "max": 58178.0,
            "count": 10
        },
        "BlackAgent.Self-play.ELO.mean": {
            "value": 861.4412701909706,
            "min": 861.4412701909706,
            "max": 1210.7998350808646,
            "count": 10
        },
        "BlackAgent.Self-play.ELO.sum": {
            "value": 101650.06988253453,
            "min": 101650.06988253453,
            "max": 469790.3360113754,
            "count": 10
        },
        "BlackAgent.Step.mean": {
            "value": 99949.0,
            "min": 9955.0,
            "max": 99949.0,
            "count": 10
        },
        "BlackAgent.Step.sum": {
            "value": 99949.0,
            "min": 9955.0,
            "max": 99949.0,
            "count": 10
        },
        "BlackAgent.Policy.ExtrinsicValueEstimate.mean": {
            "value": 0.12113059312105179,
            "min": -0.20907075703144073,
            "max": 0.8567283153533936,
            "count": 10
        },
        "BlackAgent.Policy.ExtrinsicValueEstimate.sum": {
            "value": 27.254383087158203,
            "min": -60.83959197998047,
            "max": 353.82879638671875,
            "count": 10
        },
        "BlackAgent.Environment.CumulativeReward.mean": {
            "value": 0.6016806997671849,
            "min": -0.6390463833879564,
            "max": 0.6016806997671849,
            "count": 10
        },
        "BlackAgent.Environment.CumulativeReward.sum": {
            "value": 71.600003272295,
            "min": -247.9499967545271,
            "max": 71.600003272295,
            "count": 10
        },
        "BlackAgent.Policy.ExtrinsicReward.mean": {
            "value": 0.6016806997671849,
            "min": -0.6390463833879564,
            "max": 0.6016806997671849,
            "count": 10
        },
        "BlackAgent.Policy.ExtrinsicReward.sum": {
            "value": 71.600003272295,
            "min": -247.9499967545271,
            "max": 71.600003272295,
            "count": 10
        },
        "BlackAgent.Losses.PolicyLoss.mean": {
            "value": 0.23042240612940076,
            "min": 0.20034140581847168,
            "max": 0.5288594693294726,
            "count": 10
        },